# Airbrakes Lookup Table - Hyperion with Cesaroni M2505,,,
# Generated: 2025-08-07 11:39:21,,,
# Target Apogee: 3048m (10000ft),,,
# Grid: 50×50,,,
# Physics-based simulation with proper drag modeling,,,
#,,,
burnout_height_m,burnout_velocity_ms,deployment_angle_deg,retraction_time_s
240,140,0,12.3
240,144.1,0,12.7
240,148.2,0,13.1
240,152.2,0,13.5
240,156.3,0,13.9
240,160.4,0,14.4
240,164.5,0,14.8
240,168.6,0,15.2
240,172.7,0,15.6
240,176.7,0,16
240,180.8,0,16.4
240,184.9,0,16.8
240,189,0,17.3
240,193.1,0,17.7
240,197.1,0,18.1
240,201.2,0,18.5
240,205.3,0,18.9
240,209.4,0,19.3
240,213.5,0,19.8
240,217.6,0,20.2
240,221.6,0,20.6
240,225.7,0,21
240,229.8,0,21.4
240,233.9,0,21.8
240,238,0,22.3
240,242,0,22.7
240,246.1,0,23.1
240,250.2,0,23.5
240,254.3,0,23.9
240,258.4,0,24.3
240,262.4,0,24.8
240,266.5,0,25.2
240,270.6,0,25.6
240,274.7,0,26
240,278.8,0,26.4
240,282.9,0,26.8
240,286.9,0,27.2
240,291,0,27.7
240,295.1,2.1,26.5
240,299.2,4.2,25.5
240,303.3,5.6,24.9
240,307.3,7.7,24
240,311.4,9.8,23.1
240,315.5,11.2,22.6
240,319.6,13.4,21.8
240,323.7,14.8,21.4
240,327.8,16.9,20.6
240,331.8,18.3,20.2
240,335.9,20.4,19.5
240,340,21.8,19.2
246.5,140,0,12.3
246.5,144.1,0,12.7
246.5,148.2,0,13.1
246.5,152.2,0,13.5
246.5,156.3,0,13.9
246.5,160.4,0,14.4
246.5,164.5,0,14.8
246.5,168.6,0,15.2
246.5,172.7,0,15.6
246.5,176.7,0,16
246.5,180.8,0,16.4
246.5,184.9,0,16.8
246.5,189,0,17.3
246.5,193.1,0,17.7
246.5,197.1,0,18.1
246.5,201.2,0,18.5
246.5,205.3,0,18.9
246.5,209.4,0,19.3
246.5,213.5,0,19.8
246.5,217.6,0,20.2
246.5,221.6,0,20.6
246.5,225.7,0,21
246.5,229.8,0,21.4
246.5,233.9,0,21.8
246.5,238,0,22.3
246.5,242,0,22.7
246.5,246.1,0,23.1
246.5,250.2,0,23.5
246.5,254.3,0,23.9
246.5,258.4,0,24.3
246.5,262.4,0,24.8
246.5,266.5,0,25.2
246.5,270.6,0,25.6
246.5,274.7,0,26
246.5,278.8,0,26.4
246.5,282.9,0,26.8
246.5,286.9,0,27.2
246.5,291,0.4,27.4
246.5,295.1,2.1,26.5
246.5,299.2,4.2,25.5
246.5,303.3,6.3,24.5
246.5,307.3,8.1,23.7
246.5,311.4,9.8,23.1
246.5,315.5,12,22.2
246.5,319.6,13.4,21.8
246.5,323.7,15.5,21
246.5,327.8,16.9,20.6
246.5,331.8,19,19.9
246.5,335.9,20.4,19.5
246.5,340,22.5,18.9
253.1,140,0,12.3
253.1,144.1,0,12.7
253.1,148.2,0,13.1
253.1,152.2,0,13.5
253.1,156.3,0,13.9
253.1,160.4,0,14.4
253.1,164.5,0,14.8
253.1,168.6,0,15.2
253.1,172.7,0,15.6
253.1,176.7,0,16
253.1,180.8,0,16.4
253.1,184.9,0,16.8
253.1,189,0,17.3
253.1,193.1,0,17.7
253.1,197.1,0,18.1
253.1,201.2,0,18.5
253.1,205.3,0,18.9
253.1,209.4,0,19.3
253.1,213.5,0,19.8
253.1,217.6,0,20.2
253.1,221.6,0,20.6
253.1,225.7,0,21
253.1,229.8,0,21.4
253.1,233.9,0,21.8
253.1,238,0,22.3
253.1,242,0,22.7
253.1,246.1,0,23.1
253.1,250.2,0,23.5
253.1,254.3,0,23.9
253.1,258.4,0,24.3
253.1,262.4,0,24.8
253.1,266.5,0,25.2
253.1,270.6,0,25.6
253.1,274.7,0,26
253.1,278.8,0,26.4
253.1,282.9,0,26.8
253.1,286.9,0,27.2
253.1,291,0.7,27.1
253.1,295.1,2.8,26
253.1,299.2,4.6,25.2
253.1,303.3,6.3,24.5
253.1,307.3,8.4,23.5
253.1,311.4,10.5,22.7
253.1,315.5,12,22.2
253.1,319.6,14.1,21.4
253.1,323.7,15.5,21
253.1,327.8,17.6,20.3
253.1,331.8,19,19.9
253.1,335.9,21.1,19.2
253.1,340,22.5,18.9
259.6,140,0,12.3
259.6,144.1,0,12.7
259.6,148.2,0,13.1
259.6,152.2,0,13.5
259.6,156.3,0,13.9
259.6,160.4,0,14.4
259.6,164.5,0,14.8
259.6,168.6,0,15.2
259.6,172.7,0,15.6
259.6,176.7,0,16
259.6,180.8,0,16.4
259.6,184.9,0,16.8
259.6,189,0,17.3
259.6,193.1,0,17.7
259.6,197.1,0,18.1
259.6,201.2,0,18.5
259.6,205.3,0,18.9
259.6,209.4,0,19.3
259.6,213.5,0,19.8
259.6,217.6,0,20.2
259.6,221.6,0,20.6
259.6,225.7,0,21
259.6,229.8,0,21.4
259.6,233.9,0,21.8
259.6,238,0,22.3
259.6,242,0,22.7
259.6,246.1,0,23.1
259.6,250.2,0,23.5
259.6,254.3,0,23.9
259.6,258.4,0,24.3
259.6,262.4,0,24.8
259.6,266.5,0,25.2
259.6,270.6,0,25.6
259.6,274.7,0,26
259.6,278.8,0,26.4
259.6,282.9,0,26.8
259.6,286.9,0,27.2
259.6,291,0.7,27.1
259.6,295.1,2.8,26
259.6,299.2,4.9,25
259.6,303.3,7,24
259.6,307.3,8.4,23.5
259.6,311.4,10.5,22.7
259.6,315.5,12.7,21.8
259.6,319.6,14.1,21.4
259.6,323.7,16.2,20.7
259.6,327.8,17.6,20.3
259.6,331.8,19.7,19.6
259.6,335.9,21.1,19.2
259.6,340,23.2,18.5
266.1,140,0,12.3
266.1,144.1,0,12.7
266.1,148.2,0,13.1
266.1,152.2,0,13.5
266.1,156.3,0,13.9
266.1,160.4,0,14.4
266.1,164.5,0,14.8
266.1,168.6,0,15.2
266.1,172.7,0,15.6
266.1,176.7,0,16
266.1,180.8,0,16.4
266.1,184.9,0,16.8
266.1,189,0,17.3
266.1,193.1,0,17.7
266.1,197.1,0,18.1
266.1,201.2,0,18.5
266.1,205.3,0,18.9
266.1,209.4,0,19.3
266.1,213.5,0,19.8
266.1,217.6,0,20.2
266.1,221.6,0,20.6
266.1,225.7,0,21
266.1,229.8,0,21.4
266.1,233.9,0,21.8
266.1,238,0,22.3
266.1,242,0,22.7
266.1,246.1,0,23.1
266.1,250.2,0,23.5
266.1,254.3,0,23.9
266.1,258.4,0,24.3
266.1,262.4,0,24.8
266.1,266.5,0,25.2
266.1,270.6,0,25.6
266.1,274.7,0,26
266.1,278.8,0,26.4
266.1,282.9,0,26.8
266.1,286.9,0,27.2
266.1,291,1.4,26.6
266.1,295.1,3.5,25.6
266.1,299.2,4.9,25
266.1,303.3,7,24
266.1,307.3,9.1,23.1
266.1,311.4,10.5,22.7
266.1,315.5,12.7,21.8
266.1,319.6,14.8,21.1
266.1,323.7,16.2,20.7
266.1,327.8,18.3,19.9
266.1,331.8,19.7,19.6
266.1,335.9,21.8,18.9
266.1,340,23.2,18.5
272.7,140,0,12.3
272.7,144.1,0,12.7
272.7,148.2,0,13.1
272.7,152.2,0,13.5
272.7,156.3,0,13.9
272.7,160.4,0,14.4
272.7,164.5,0,14.8
272.7,168.6,0,15.2
272.7,172.7,0,15.6
272.7,176.7,0,16
272.7,180.8,0,16.4
272.7,184.9,0,16.8
272.7,189,0,17.3
272.7,193.1,0,17.7
272.7,197.1,0,18.1
272.7,201.2,0,18.5
272.7,205.3,0,18.9
272.7,209.4,0,19.3
272.7,213.5,0,19.8
272.7,217.6,0,20.2
272.7,221.6,0,20.6
272.7,225.7,0,21
272.7,229.8,0,21.4
272.7,233.9,0,21.8
272.7,238,0,22.3
272.7,242,0,22.7
272.7,246.1,0,23.1
272.7,250.2,0,23.5
272.7,254.3,0,23.9
272.7,258.4,0,24.3
272.7,262.4,0,24.8
272.7,266.5,0,25.2
272.7,270.6,0,25.6
272.7,274.7,0,26
272.7,278.8,0,26.4
272.7,282.9,0,26.8
272.7,286.9,0,27.2
272.7,291,1.4,26.6
272.7,295.1,3.5,25.6
272.7,299.2,5.6,24.5
272.7,303.3,7.7,23.6
272.7,307.3,9.1,23.1
272.7,311.4,11.2,22.3
272.7,315.5,13.4,21.5
272.7,319.6,14.8,21.1
272.7,323.7,16.9,20.3
272.7,327.8,18.3,19.9
272.7,331.8,20.4,19.2
272.7,335.9,21.8,18.9
272.7,340,23.9,18.2
279.2,140,0,12.3
279.2,144.1,0,12.7
279.2,148.2,0,13.1
279.2,152.2,0,13.5
279.2,156.3,0,13.9
279.2,160.4,0,14.4
279.2,164.5,0,14.8
279.2,168.6,0,15.2
279.2,172.7,0,15.6
279.2,176.7,0,16
279.2,180.8,0,16.4
279.2,184.9,0,16.8
279.2,189,0,17.3
279.2,193.1,0,17.7
279.2,197.1,0,18.1
279.2,201.2,0,18.5
279.2,205.3,0,18.9
279.2,209.4,0,19.3
279.2,213.5,0,19.8
279.2,217.6,0,20.2
279.2,221.6,0,20.6
279.2,225.7,0,21
279.2,229.8,0,21.4
279.2,233.9,0,21.8
279.2,238,0,22.3
279.2,242,0,22.7
279.2,246.1,0,23.1
279.2,250.2,0,23.5
279.2,254.3,0,23.9
279.2,258.4,0,24.3
279.2,262.4,0,24.8
279.2,266.5,0,25.2
279.2,270.6,0,25.6
279.2,274.7,0,26
279.2,278.8,0,26.4
279.2,282.9,0,26.8
279.2,286.9,0,27.2
279.2,291,1.8,26.4
279.2,295.1,3.5,25.6
279.2,299.2,5.6,24.5
279.2,303.3,7.7,23.6
279.2,307.3,9.8,22.7
279.2,311.4,11.2,22.3
279.2,315.5,13.4,21.5
279.2,319.6,15.5,20.7
279.2,323.7,16.9,20.3
279.2,327.8,19,19.6
279.2,331.8,20.4,19.2
279.2,335.9,22.5,18.6
279.2,340,23.9,18.2
285.7,140,0,12.3
285.7,144.1,0,12.7
285.7,148.2,0,13.1
285.7,152.2,0,13.5
285.7,156.3,0,13.9
285.7,160.4,0,14.4
285.7,164.5,0,14.8
285.7,168.6,0,15.2
285.7,172.7,0,15.6
285.7,176.7,0,16
285.7,180.8,0,16.4
285.7,184.9,0,16.8
285.7,189,0,17.3
285.7,193.1,0,17.7
285.7,197.1,0,18.1
285.7,201.2,0,18.5
285.7,205.3,0,18.9
285.7,209.4,0,19.3
285.7,213.5,0,19.8
285.7,217.6,0,20.2
285.7,221.6,0,20.6
285.7,225.7,0,21
285.7,229.8,0,21.4
285.7,233.9,0,21.8
285.7,238,0,22.3
285.7,242,0,22.7
285.7,246.1,0,23.1
285.7,250.2,0,23.5
285.7,254.3,0,23.9
285.7,258.4,0,24.3
285.7,262.4,0,24.8
285.7,266.5,0,25.2
285.7,270.6,0,25.6
285.7,274.7,0,26
285.7,278.8,0,26.4
285.7,282.9,0,26.8
285.7,286.9,0,27.2
285.7,291,2.1,26.1
285.7,295.1,4.2,25.1
285.7,299.2,6.3,24.1
285.7,303.3,7.7,23.6
285.7,307.3,9.8,22.7
285.7,311.4,12,21.9
285.7,315.5,13.4,21.5
285.7,319.6,15.5,20.7
285.7,323.7,17.6,20
285.7,327.8,19,19.6
285.7,331.8,21.1,18.9
285.7,335.9,22.5,18.6
285.7,340,24.6,17.9
292.2,140,0,12.3
292.2,144.1,0,12.7
292.2,148.2,0,13.1
292.2,152.2,0,13.5
292.2,156.3,0,13.9
292.2,160.4,0,14.4
292.2,164.5,0,14.8
292.2,168.6,0,15.2
292.2,172.7,0,15.6
292.2,176.7,0,16
292.2,180.8,0,16.4
292.2,184.9,0,16.8
292.2,189,0,17.3
292.2,193.1,0,17.7
292.2,197.1,0,18.1
292.2,201.2,0,18.5
292.2,205.3,0,18.9
292.2,209.4,0,19.3
292.2,213.5,0,19.8
292.2,217.6,0,20.2
292.2,221.6,0,20.6
292.2,225.7,0,21
292.2,229.8,0,21.4
292.2,233.9,0,21.8
292.2,238,0,22.3
292.2,242,0,22.7
292.2,246.1,0,23.1
292.2,250.2,0,23.5
292.2,254.3,0,23.9
292.2,258.4,0,24.3
292.2,262.4,0,24.8
292.2,266.5,0,25.2
292.2,270.6,0,25.6
292.2,274.7,0,26
292.2,278.8,0,26.4
292.2,282.9,0,26.8
292.2,286.9,0,27.2
292.2,291,2.1,26.1
292.2,295.1,4.2,25.1
292.2,299.2,6.3,24.1
292.2,303.3,8.4,23.2
292.2,307.3,10.5,22.3
292.2,311.4,12,21.9
292.2,315.5,14.1,21.1
292.2,319.6,16.2,20.3
292.2,323.7,17.6,20
292.2,327.8,19.7,19.3
292.2,331.8,21.1,18.9
292.2,335.9,23.2,18.3
292.2,340,24.6,17.9
298.8,140,0,12.3
298.8,144.1,0,12.7
298.8,148.2,0,13.1
298.8,152.2,0,13.5
298.8,156.3,0,13.9
298.8,160.4,0,14.4
298.8,164.5,0,14.8
298.8,168.6,0,15.2
298.8,172.7,0,15.6
298.8,176.7,0,16
298.8,180.8,0,16.4
298.8,184.9,0,16.8
298.8,189,0,17.3
298.8,193.1,0,17.7
298.8,197.1,0,18.1
298.8,201.2,0,18.5
298.8,205.3,0,18.9
298.8,209.4,0,19.3
298.8,213.5,0,19.8
298.8,217.6,0,20.2
298.8,221.6,0,20.6
298.8,225.7,0,21
298.8,229.8,0,21.4
298.8,233.9,0,21.8
298.8,238,0,22.3
298.8,242,0,22.7
298.8,246.1,0,23.1
298.8,250.2,0,23.5
298.8,254.3,0,23.9
298.8,258.4,0,24.3
298.8,262.4,0,24.8
298.8,266.5,0,25.2
298.8,270.6,0,25.6
298.8,274.7,0,26
298.8,278.8,0,26.4
298.8,282.9,0,26.8
298.8,286.9,0.7,26.7
298.8,291,2.8,25.6
298.8,295.1,4.9,24.6
298.8,299.2,6.7,23.9
298.8,303.3,8.4,23.2
298.8,307.3,10.5,22.3
298.8,311.4,12.7,21.5
298.8,315.5,14.1,21.1
298.8,319.6,16.2,20.3
298.8,323.7,18.3,19.6
298.8,327.8,19.7,19.3
298.8,331.8,21.8,18.6
298.8,335.9,23.2,18.3
298.8,340,25.3,17.7
305.3,140,0,12.3
305.3,144.1,0,12.7
305.3,148.2,0,13.1
305.3,152.2,0,13.5
305.3,156.3,0,13.9
305.3,160.4,0,14.4
305.3,164.5,0,14.8
305.3,168.6,0,15.2
305.3,172.7,0,15.6
305.3,176.7,0,16
305.3,180.8,0,16.4
305.3,184.9,0,16.8
305.3,189,0,17.3
305.3,193.1,0,17.7
305.3,197.1,0,18.1
305.3,201.2,0,18.5
305.3,205.3,0,18.9
305.3,209.4,0,19.3
305.3,213.5,0,19.8
305.3,217.6,0,20.2
305.3,221.6,0,20.6
305.3,225.7,0,21
305.3,229.8,0,21.4
305.3,233.9,0,21.8
305.3,238,0,22.3
305.3,242,0,22.7
305.3,246.1,0,23.1
305.3,250.2,0,23.5
305.3,254.3,0,23.9
305.3,258.4,0,24.3
305.3,262.4,0,24.8
305.3,266.5,0,25.2
305.3,270.6,0,25.6
305.3,274.7,0,26
305.3,278.8,0,26.4
305.3,282.9,0,26.8
305.3,286.9,0.7,26.7
305.3,291,2.8,25.6
305.3,295.1,4.9,24.6
305.3,299.2,7,23.7
305.3,303.3,9.1,22.8
305.3,307.3,11.2,21.9
305.3,311.4,12.7,21.5
305.3,315.5,14.8,20.7
305.3,319.6,16.9,20
305.3,323.7,18.3,19.6
305.3,327.8,20.4,19
305.3,331.8,21.8,18.6
305.3,335.9,23.9,18
305.3,340,25.3,17.7
311.8,140,0,12.3
311.8,144.1,0,12.7
311.8,148.2,0,13.1
311.8,152.2,0,13.5
311.8,156.3,0,13.9
311.8,160.4,0,14.4
311.8,164.5,0,14.8
311.8,168.6,0,15.2
311.8,172.7,0,15.6
311.8,176.7,0,16
311.8,180.8,0,16.4
311.8,184.9,0,16.8
311.8,189,0,17.3
311.8,193.1,0,17.7
311.8,197.1,0,18.1
311.8,201.2,0,18.5
311.8,205.3,0,18.9
311.8,209.4,0,19.3
311.8,213.5,0,19.8
311.8,217.6,0,20.2
311.8,221.6,0,20.6
311.8,225.7,0,21
311.8,229.8,0,21.4
311.8,233.9,0,21.8
311.8,238,0,22.3
311.8,242,0,22.7
311.8,246.1,0,23.1
311.8,250.2,0,23.5
311.8,254.3,0,23.9
311.8,258.4,0,24.3
311.8,262.4,0,24.8
311.8,266.5,0,25.2
311.8,270.6,0,25.6
311.8,274.7,0,26
311.8,278.8,0,26.4
311.8,282.9,0,26.8
311.8,286.9,1.4,26.2
311.8,291,3.5,25.2
311.8,295.1,5.3,24.4
311.8,299.2,7,23.7
311.8,303.3,9.1,22.8
311.8,307.3,11.2,21.9
311.8,311.4,13.4,21.1
311.8,315.5,14.8,20.7
311.8,319.6,16.9,20
311.8,323.7,19,19.3
311.8,327.8,20.4,19
311.8,331.8,22.5,18.3
311.8,335.9,23.9,18
311.8,340,26,17.4
318.4,140,0,12.3
318.4,144.1,0,12.7
318.4,148.2,0,13.1
318.4,152.2,0,13.5
318.4,156.3,0,13.9
318.4,160.4,0,14.4
318.4,164.5,0,14.8
318.4,168.6,0,15.2
318.4,172.7,0,15.6
318.4,176.7,0,16
318.4,180.8,0,16.4
318.4,184.9,0,16.8
318.4,189,0,17.3
318.4,193.1,0,17.7
318.4,197.1,0,18.1
318.4,201.2,0,18.5
318.4,205.3,0,18.9
318.4,209.4,0,19.3
318.4,213.5,0,19.8
318.4,217.6,0,20.2
318.4,221.6,0,20.6
318.4,225.7,0,21
318.4,229.8,0,21.4
318.4,233.9,0,21.8
318.4,238,0,22.3
318.4,242,0,22.7
318.4,246.1,0,23.1
318.4,250.2,0,23.5
318.4,254.3,0,23.9
318.4,258.4,0,24.3
318.4,262.4,0,24.8
318.4,266.5,0,25.2
318.4,270.6,0,25.6
318.4,274.7,0,26
318.4,278.8,0,26.4
318.4,282.9,0,26.8
318.4,286.9,1.4,26.2
318.4,291,3.5,25.2
318.4,295.1,5.6,24.2
318.4,299.2,7.7,23.3
318.4,303.3,9.8,22.4
318.4,307.3,11.2,21.9
318.4,311.4,13.4,21.1
318.4,315.5,15.5,20.4
318.4,319.6,17.6,19.7
318.4,323.7,19,19.3
318.4,327.8,21.1,18.6
318.4,331.8,22.5,18.3
318.4,335.9,24.6,17.7
318.4,340,26.7,17.1
324.9,140,0,12.3
324.9,144.1,0,12.7
324.9,148.2,0,13.1
324.9,152.2,0,13.5
324.9,156.3,0,13.9
324.9,160.4,0,14.4
324.9,164.5,0,14.8
324.9,168.6,0,15.2
324.9,172.7,0,15.6
324.9,176.7,0,16
324.9,180.8,0,16.4
324.9,184.9,0,16.8
324.9,189,0,17.3
324.9,193.1,0,17.7
324.9,197.1,0,18.1
324.9,201.2,0,18.5
324.9,205.3,0,18.9
324.9,209.4,0,19.3
324.9,213.5,0,19.8
324.9,217.6,0,20.2
324.9,221.6,0,20.6
324.9,225.7,0,21
324.9,229.8,0,21.4
324.9,233.9,0,21.8
324.9,238,0,22.3
324.9,242,0,22.7
324.9,246.1,0,23.1
324.9,250.2,0,23.5
324.9,254.3,0,23.9
324.9,258.4,0,24.3
324.9,262.4,0,24.8
324.9,266.5,0,25.2
324.9,270.6,0,25.6
324.9,274.7,0,26
324.9,278.8,0,26.4
324.9,282.9,0,26.8
324.9,286.9,1.4,26.2
324.9,291,3.5,25.2
324.9,295.1,5.6,24.2
324.9,299.2,7.7,23.3
324.9,303.3,9.8,22.4
324.9,307.3,12,21.6
324.9,311.4,14.1,20.8
324.9,315.5,15.5,20.4
324.9,319.6,17.6,19.7
324.9,323.7,19.7,19
324.9,327.8,21.1,18.6
324.9,331.8,23.2,18
324.9,335.9,25.3,17.4
324.9,340,26.7,17.1
331.4,140,0,12.3
331.4,144.1,0,12.7
331.4,148.2,0,13.1
331.4,152.2,0,13.5
331.4,156.3,0,13.9
331.4,160.4,0,14.4
331.4,164.5,0,14.8
331.4,168.6,0,15.2
331.4,172.7,0,15.6
331.4,176.7,0,16
331.4,180.8,0,16.4
331.4,184.9,0,16.8
331.4,189,0,17.3
331.4,193.1,0,17.7
331.4,197.1,0,18.1
331.4,201.2,0,18.5
331.4,205.3,0,18.9
331.4,209.4,0,19.3
331.4,213.5,0,19.8
331.4,217.6,0,20.2
331.4,221.6,0,20.6
331.4,225.7,0,21
331.4,229.8,0,21.4
331.4,233.9,0,21.8
331.4,238,0,22.3
331.4,242,0,22.7
331.4,246.1,0,23.1
331.4,250.2,0,23.5
331.4,254.3,0,23.9
331.4,258.4,0,24.3
331.4,262.4,0,24.8
331.4,266.5,0,25.2
331.4,270.6,0,25.6
331.4,274.7,0,26
331.4,278.8,0,26.4
331.4,282.9,0,26.8
331.4,286.9,2.1,25.7
331.4,291,4.2,24.7
331.4,295.1,6.3,23.7
331.4,299.2,8.4,22.8
331.4,303.3,10.5,22
331.4,307.3,12,21.6
331.4,311.4,14.1,20.8
331.4,315.5,16.2,20
331.4,319.6,18.3,19.3
331.4,323.7,19.7,19
331.4,327.8,21.8,18.3
331.4,331.8,23.9,17.7
331.4,335.9,25.3,17.4
331.4,340,27.4,16.8
338,140,0,12.3
338,144.1,0,12.7
338,148.2,0,13.1
338,152.2,0,13.5
338,156.3,0,13.9
338,160.4,0,14.4
338,164.5,0,14.8
338,168.6,0,15.2
338,172.7,0,15.6
338,176.7,0,16
338,180.8,0,16.4
338,184.9,0,16.8
338,189,0,17.3
338,193.1,0,17.7
338,197.1,0,18.1
338,201.2,0,18.5
338,205.3,0,18.9
338,209.4,0,19.3
338,213.5,0,19.8
338,217.6,0,20.2
338,221.6,0,20.6
338,225.7,0,21
338,229.8,0,21.4
338,233.9,0,21.8
338,238,0,22.3
338,242,0,22.7
338,246.1,0,23.1
338,250.2,0,23.5
338,254.3,0,23.9
338,258.4,0,24.3
338,262.4,0,24.8
338,266.5,0,25.2
338,270.6,0,25.6
338,274.7,0,26
338,278.8,0,26.4
338,282.9,0,26.8
338,286.9,2.1,25.7
338,291,4.2,24.7
338,295.1,6.3,23.7
338,299.2,8.4,22.8
338,303.3,10.5,22
338,307.3,12.7,21.2
338,311.4,14.8,20.4
338,315.5,16.2,20
338,319.6,18.3,19.3
338,323.7,20.4,18.7
338,327.8,21.8,18.3
338,331.8,23.9,17.7
338,335.9,26,17.1
338,340,27.4,16.8
344.5,140,0,12.3
344.5,144.1,0,12.7
344.5,148.2,0,13.1
344.5,152.2,0,13.5
344.5,156.3,0,13.9
344.5,160.4,0,14.4
344.5,164.5,0,14.8
344.5,168.6,0,15.2
344.5,172.7,0,15.6
344.5,176.7,0,16
344.5,180.8,0,16.4
344.5,184.9,0,16.8
344.5,189,0,17.3
344.5,193.1,0,17.7
344.5,197.1,0,18.1
344.5,201.2,0,18.5
344.5,205.3,0,18.9
344.5,209.4,0,19.3
344.5,213.5,0,19.8
344.5,217.6,0,20.2
344.5,221.6,0,20.6
344.5,225.7,0,21
344.5,229.8,0,21.4
344.5,233.9,0,21.8
344.5,238,0,22.3
344.5,242,0,22.7
344.5,246.1,0,23.1
344.5,250.2,0,23.5
344.5,254.3,0,23.9
344.5,258.4,0,24.3
344.5,262.4,0,24.8
344.5,266.5,0,25.2
344.5,270.6,0,25.6
344.5,274.7,0,26
344.5,278.8,0,26.4
344.5,282.9,0.7,26.3
344.5,286.9,2.8,25.2
344.5,291,4.9,24.2
344.5,295.1,7,23.3
344.5,299.2,9.1,22.4
344.5,303.3,11.2,21.6
344.5,307.3,12.7,21.2
344.5,311.4,14.8,20.4
344.5,315.5,16.9,19.7
344.5,319.6,19,19
344.5,323.7,20.4,18.7
344.5,327.8,22.5,18
344.5,331.8,24.6,17.4
344.5,335.9,26,17.1
344.5,340,28.1,16.5
351,140,0,12.3
351,144.1,0,12.7
351,148.2,0,13.1
351,152.2,0,13.5
351,156.3,0,13.9
351,160.4,0,14.4
351,164.5,0,14.8
351,168.6,0,15.2
351,172.7,0,15.6
351,176.7,0,16
351,180.8,0,16.4
351,184.9,0,16.8
351,189,0,17.3
351,193.1,0,17.7
351,197.1,0,18.1
351,201.2,0,18.5
351,205.3,0,18.9
351,209.4,0,19.3
351,213.5,0,19.8
351,217.6,0,20.2
351,221.6,0,20.6
351,225.7,0,21
351,229.8,0,21.4
351,233.9,0,21.8
351,238,0,22.3
351,242,0,22.7
351,246.1,0,23.1
351,250.2,0,23.5
351,254.3,0,23.9
351,258.4,0,24.3
351,262.4,0,24.8
351,266.5,0,25.2
351,270.6,0,25.6
351,274.7,0,26
351,278.8,0,26.4
351,282.9,0.7,26.3
351,286.9,2.8,25.2
351,291,4.9,24.2
351,295.1,7,23.3
351,299.2,9.1,22.4
351,303.3,11.2,21.6
351,307.3,13.4,20.8
351,311.4,15.5,20.1
351,315.5,16.9,19.7
351,319.6,19,19
351,323.7,21.1,18.4
351,327.8,22.5,18
351,331.8,24.6,17.4
351,335.9,26.7,16.8
351,340,28.1,16.5
357.6,140,0,12.3
357.6,144.1,0,12.7
357.6,148.2,0,13.1
357.6,152.2,0,13.5
357.6,156.3,0,13.9
357.6,160.4,0,14.4
357.6,164.5,0,14.8
357.6,168.6,0,15.2
357.6,172.7,0,15.6
357.6,176.7,0,16
357.6,180.8,0,16.4
357.6,184.9,0,16.8
357.6,189,0,17.3
357.6,193.1,0,17.7
357.6,197.1,0,18.1
357.6,201.2,0,18.5
357.6,205.3,0,18.9
357.6,209.4,0,19.3
357.6,213.5,0,19.8
357.6,217.6,0,20.2
357.6,221.6,0,20.6
357.6,225.7,0,21
357.6,229.8,0,21.4
357.6,233.9,0,21.8
357.6,238,0,22.3
357.6,242,0,22.7
357.6,246.1,0,23.1
357.6,250.2,0,23.5
357.6,254.3,0,23.9
357.6,258.4,0,24.3
357.6,262.4,0,24.8
357.6,266.5,0,25.2
357.6,270.6,0,25.6
357.6,274.7,0,26
357.6,278.8,0,26.4
357.6,282.9,0.7,26.3
357.6,286.9,3.5,24.8
357.6,291,5.6,23.8
357.6,295.1,7.7,22.9
357.6,299.2,9.8,22
357.6,303.3,11.2,21.6
357.6,307.3,13.4,20.8
357.6,311.4,15.5,20.1
357.6,315.5,17.6,19.4
357.6,319.6,19.7,18.7
357.6,323.7,21.1,18.4
357.6,327.8,23.2,17.7
357.6,331.8,25.3,17.1
357.6,335.9,26.7,16.8
357.6,340,28.8,16.2
364.1,140,0,12.3
364.1,144.1,0,12.7
364.1,148.2,0,13.1
364.1,152.2,0,13.5
364.1,156.3,0,13.9
364.1,160.4,0,14.4
364.1,164.5,0,14.8
364.1,168.6,0,15.2
364.1,172.7,0,15.6
364.1,176.7,0,16
364.1,180.8,0,16.4
364.1,184.9,0,16.8
364.1,189,0,17.3
364.1,193.1,0,17.7
364.1,197.1,0,18.1
364.1,201.2,0,18.5
364.1,205.3,0,18.9
364.1,209.4,0,19.3
364.1,213.5,0,19.8
364.1,217.6,0,20.2
364.1,221.6,0,20.6
364.1,225.7,0,21
364.1,229.8,0,21.4
364.1,233.9,0,21.8
364.1,238,0,22.3
364.1,242,0,22.7
364.1,246.1,0,23.1
364.1,250.2,0,23.5
364.1,254.3,0,23.9
364.1,258.4,0,24.3
364.1,262.4,0,24.8
364.1,266.5,0,25.2
364.1,270.6,0,25.6
364.1,274.7,0,26
364.1,278.8,0,26.4
364.1,282.9,1.4,25.8
364.1,286.9,3.5,24.8
364.1,291,5.6,23.8
364.1,295.1,7.7,22.9
364.1,299.2,9.8,22
364.1,303.3,12,21.2
364.1,307.3,14.1,20.5
364.1,311.4,16.2,19.7
364.1,315.5,17.6,19.4
364.1,319.6,19.7,18.7
364.1,323.7,21.8,18
364.1,327.8,23.9,17.4
364.1,331.8,25.3,17.1
364.1,335.9,27.4,16.5
364.1,340,29.5,16
370.6,140,0,12.3
370.6,144.1,0,12.7
370.6,148.2,0,13.1
370.6,152.2,0,13.5
370.6,156.3,0,13.9
370.6,160.4,0,14.4
370.6,164.5,0,14.8
370.6,168.6,0,15.2
370.6,172.7,0,15.6
370.6,176.7,0,16
370.6,180.8,0,16.4
370.6,184.9,0,16.8
370.6,189,0,17.3
370.6,193.1,0,17.7
370.6,197.1,0,18.1
370.6,201.2,0,18.5
370.6,205.3,0,18.9
370.6,209.4,0,19.3
370.6,213.5,0,19.8
370.6,217.6,0,20.2
370.6,221.6,0,20.6
370.6,225.7,0,21
370.6,229.8,0,21.4
370.6,233.9,0,21.8
370.6,238,0,22.3
370.6,242,0,22.7
370.6,246.1,0,23.1
370.6,250.2,0,23.5
370.6,254.3,0,23.9
370.6,258.4,0,24.3
370.6,262.4,0,24.8
370.6,266.5,0,25.2
370.6,270.6,0,25.6
370.6,274.7,0,26
370.6,278.8,0,26.4
370.6,282.9,1.4,25.8
370.6,286.9,3.5,24.8
370.6,291,6.3,23.4
370.6,295.1,8.4,22.5
370.6,299.2,9.8,22
370.6,303.3,12,21.2
370.6,307.3,14.1,20.5
370.6,311.4,16.2,19.7
370.6,315.5,18.3,19
370.6,319.6,20.4,18.4
370.6,323.7,22.5,17.7
370.6,327.8,23.9,17.4
370.6,331.8,26,16.8
370.6,335.9,28.1,16.3
370.6,340,29.5,16
377.1,140,0,12.3
377.1,144.1,0,12.7
377.1,148.2,0,13.1
377.1,152.2,0,13.5
377.1,156.3,0,13.9
377.1,160.4,0,14.4
377.1,164.5,0,14.8
377.1,168.6,0,15.2
377.1,172.7,0,15.6
377.1,176.7,0,16
377.1,180.8,0,16.4
377.1,184.9,0,16.8
377.1,189,0,17.3
377.1,193.1,0,17.7
377.1,197.1,0,18.1
377.1,201.2,0,18.5
377.1,205.3,0,18.9
377.1,209.4,0,19.3
377.1,213.5,0,19.8
377.1,217.6,0,20.2
377.1,221.6,0,20.6
377.1,225.7,0,21
377.1,229.8,0,21.4
377.1,233.9,0,21.8
377.1,238,0,22.3
377.1,242,0,22.7
377.1,246.1,0,23.1
377.1,250.2,0,23.5
377.1,254.3,0,23.9
377.1,258.4,0,24.3
377.1,262.4,0,24.8
377.1,266.5,0,25.2
377.1,270.6,0,25.6
377.1,274.7,0,26
377.1,278.8,0,26.4
377.1,282.9,2.1,25.3
377.1,286.9,4.2,24.3
377.1,291,6.3,23.4
377.1,295.1,8.4,22.5
377.1,299.2,10.5,21.7
377.1,303.3,12.7,20.9
377.1,307.3,14.8,20.1
377.1,311.4,16.9,19.4
377.1,315.5,18.3,19
377.1,319.6,20.4,18.4
377.1,323.7,22.5,17.7
377.1,327.8,24.6,17.1
377.1,331.8,26.7,16.6
377.1,335.9,28.1,16.3
377.1,340,30.2,15.7
383.7,140,0,12.3
383.7,144.1,0,12.7
383.7,148.2,0,13.1
383.7,152.2,0,13.5
383.7,156.3,0,13.9
383.7,160.4,0,14.4
383.7,164.5,0,14.8
383.7,168.6,0,15.2
383.7,172.7,0,15.6
383.7,176.7,0,16
383.7,180.8,0,16.4
383.7,184.9,0,16.8
383.7,189,0,17.3
383.7,193.1,0,17.7
383.7,197.1,0,18.1
383.7,201.2,0,18.5
383.7,205.3,0,18.9
383.7,209.4,0,19.3
383.7,213.5,0,19.8
383.7,217.6,0,20.2
383.7,221.6,0,20.6
383.7,225.7,0,21
383.7,229.8,0,21.4
383.7,233.9,0,21.8
383.7,238,0,22.3
383.7,242,0,22.7
383.7,246.1,0,23.1
383.7,250.2,0,23.5
383.7,254.3,0,23.9
383.7,258.4,0,24.3
383.7,262.4,0,24.8
383.7,266.5,0,25.2
383.7,270.6,0,25.6
383.7,274.7,0,26
383.7,278.8,0,26.4
383.7,282.9,2.1,25.3
383.7,286.9,4.2,24.3
383.7,291,6.3,23.4
383.7,295.1,8.4,22.5
383.7,299.2,10.5,21.7
383.7,303.3,12.7,20.9
383.7,307.3,14.8,20.1
383.7,311.4,16.9,19.4
383.7,315.5,19,18.7
383.7,319.6,21.1,18.1
383.7,323.7,22.5,17.7
383.7,327.8,24.6,17.1
383.7,331.8,26.7,16.6
383.7,335.9,28.8,16
383.7,340,30.9,15.4
390.2,140,0,12.3
390.2,144.1,0,12.7
390.2,148.2,0,13.1
390.2,152.2,0,13.5
390.2,156.3,0,13.9
390.2,160.4,0,14.4
390.2,164.5,0,14.8
390.2,168.6,0,15.2
390.2,172.7,0,15.6
390.2,176.7,0,16
390.2,180.8,0,16.4
390.2,184.9,0,16.8
390.2,189,0,17.3
390.2,193.1,0,17.7
390.2,197.1,0,18.1
390.2,201.2,0,18.5
390.2,205.3,0,18.9
390.2,209.4,0,19.3
390.2,213.5,0,19.8
390.2,217.6,0,20.2
390.2,221.6,0,20.6
390.2,225.7,0,21
390.2,229.8,0,21.4
390.2,233.9,0,21.8
390.2,238,0,22.3
390.2,242,0,22.7
390.2,246.1,0,23.1
390.2,250.2,0,23.5
390.2,254.3,0,23.9
390.2,258.4,0,24.3
390.2,262.4,0,24.8
390.2,266.5,0,25.2
390.2,270.6,0,25.6
390.2,274.7,0,26
390.2,278.8,0,26.4
390.2,282.9,2.8,24.9
390.2,286.9,4.9,23.9
390.2,291,7,23
390.2,295.1,9.1,22.1
390.2,299.2,11.2,21.3
390.2,303.3,13.4,20.5
390.2,307.3,15.5,19.8
390.2,311.4,17.6,19.1
390.2,315.5,19.7,18.4
390.2,319.6,21.1,18.1
390.2,323.7,23.2,17.4
390.2,327.8,25.3,16.9
390.2,331.8,27.4,16.3
390.2,335.9,29.5,15.7
390.2,340,30.9,15.4
396.7,140,0,12.3
396.7,144.1,0,12.7
396.7,148.2,0,13.1
396.7,152.2,0,13.5
396.7,156.3,0,13.9
396.7,160.4,0,14.4
396.7,164.5,0,14.8
396.7,168.6,0,15.2
396.7,172.7,0,15.6
396.7,176.7,0,16
396.7,180.8,0,16.4
396.7,184.9,0,16.8
396.7,189,0,17.3
396.7,193.1,0,17.7
396.7,197.1,0,18.1
396.7,201.2,0,18.5
396.7,205.3,0,18.9
396.7,209.4,0,19.3
396.7,213.5,0,19.8
396.7,217.6,0,20.2
396.7,221.6,0,20.6
396.7,225.7,0,21
396.7,229.8,0,21.4
396.7,233.9,0,21.8
396.7,238,0,22.3
396.7,242,0,22.7
396.7,246.1,0,23.1
396.7,250.2,0,23.5
396.7,254.3,0,23.9
396.7,258.4,0,24.3
396.7,262.4,0,24.8
396.7,266.5,0,25.2
396.7,270.6,0,25.6
396.7,274.7,0,26
396.7,278.8,0.7,25.9
396.7,282.9,2.8,24.9
396.7,286.9,4.9,23.9
396.7,291,7,23
396.7,295.1,9.1,22.1
396.7,299.2,11.2,21.3
396.7,303.3,13.4,20.5
396.7,307.3,15.5,19.8
396.7,311.4,17.6,19.1
396.7,315.5,19.7,18.4
396.7,319.6,21.8,17.8
396.7,323.7,23.9,17.2
396.7,327.8,25.3,16.9
396.7,331.8,27.4,16.3
396.7,335.9,29.5,15.7
396.7,340,31.6,15.2
403.3,140,0,12.3
403.3,144.1,0,12.7
403.3,148.2,0,13.1
403.3,152.2,0,13.5
403.3,156.3,0,13.9
403.3,160.4,0,14.4
403.3,164.5,0,14.8
403.3,168.6,0,15.2
403.3,172.7,0,15.6
403.3,176.7,0,16
403.3,180.8,0,16.4
403.3,184.9,0,16.8
403.3,189,0,17.3
403.3,193.1,0,17.7
403.3,197.1,0,18.1
403.3,201.2,0,18.5
403.3,205.3,0,18.9
403.3,209.4,0,19.3
403.3,213.5,0,19.8
403.3,217.6,0,20.2
403.3,221.6,0,20.6
403.3,225.7,0,21
403.3,229.8,0,21.4
403.3,233.9,0,21.8
403.3,238,0,22.3
403.3,242,0,22.7
403.3,246.1,0,23.1
403.3,250.2,0,23.5
403.3,254.3,0,23.9
403.3,258.4,0,24.3
403.3,262.4,0,24.8
403.3,266.5,0,25.2
403.3,270.6,0,25.6
403.3,274.7,0,26
403.3,278.8,0.7,25.9
403.3,282.9,3.5,24.4
403.3,286.9,5.6,23.4
403.3,291,7.7,22.5
403.3,295.1,9.8,21.7
403.3,299.2,12,20.9
403.3,303.3,14.1,20.1
403.3,307.3,16.2,19.4
403.3,311.4,18.3,18.7
403.3,315.5,19.7,18.4
403.3,319.6,22.5,17.5
403.3,323.7,23.9,17.2
403.3,327.8,26,16.6
403.3,331.8,28.1,16
403.3,335.9,30.2,15.5
403.3,340,32.3,14.9
409.8,140,0,12.3
409.8,144.1,0,12.7
409.8,148.2,0,13.1
409.8,152.2,0,13.5
409.8,156.3,0,13.9
409.8,160.4,0,14.4
409.8,164.5,0,14.8
409.8,168.6,0,15.2
409.8,172.7,0,15.6
409.8,176.7,0,16
409.8,180.8,0,16.4
409.8,184.9,0,16.8
409.8,189,0,17.3
409.8,193.1,0,17.7
409.8,197.1,0,18.1
409.8,201.2,0,18.5
409.8,205.3,0,18.9
409.8,209.4,0,19.3
409.8,213.5,0,19.8
409.8,217.6,0,20.2
409.8,221.6,0,20.6
409.8,225.7,0,21
409.8,229.8,0,21.4
409.8,233.9,0,21.8
409.8,238,0,22.3
409.8,242,0,22.7
409.8,246.1,0,23.1
409.8,250.2,0,23.5
409.8,254.3,0,23.9
409.8,258.4,0,24.3
409.8,262.4,0,24.8
409.8,266.5,0,25.2
409.8,270.6,0,25.6
409.8,274.7,0,26
409.8,278.8,1.4,25.4
409.8,282.9,3.5,24.4
409.8,286.9,5.6,23.4
409.8,291,7.7,22.5
409.8,295.1,9.8,21.7
409.8,299.2,12,20.9
409.8,303.3,14.1,20.1
409.8,307.3,16.2,19.4
409.8,311.4,18.3,18.7
409.8,315.5,20.4,18.1
409.8,319.6,22.5,17.5
409.8,323.7,24.6,16.9
409.8,327.8,26.7,16.3
409.8,331.8,28.1,16
409.8,335.9,30.9,15.2
409.8,340,32.3,14.9
416.3,140,0,12.3
416.3,144.1,0,12.7
416.3,148.2,0,13.1
416.3,152.2,0,13.5
416.3,156.3,0,13.9
416.3,160.4,0,14.4
416.3,164.5,0,14.8
416.3,168.6,0,15.2
416.3,172.7,0,15.6
416.3,176.7,0,16
416.3,180.8,0,16.4
416.3,184.9,0,16.8
416.3,189,0,17.3
416.3,193.1,0,17.7
416.3,197.1,0,18.1
416.3,201.2,0,18.5
416.3,205.3,0,18.9
416.3,209.4,0,19.3
416.3,213.5,0,19.8
416.3,217.6,0,20.2
416.3,221.6,0,20.6
416.3,225.7,0,21
416.3,229.8,0,21.4
416.3,233.9,0,21.8
416.3,238,0,22.3
416.3,242,0,22.7
416.3,246.1,0,23.1
416.3,250.2,0,23.5
416.3,254.3,0,23.9
416.3,258.4,0,24.3
416.3,262.4,0,24.8
416.3,266.5,0,25.2
416.3,270.6,0,25.6
416.3,274.7,0,26
416.3,278.8,1.4,25.4
416.3,282.9,3.5,24.4
416.3,286.9,6.3,23
416.3,291,8.4,22.1
416.3,295.1,10.5,21.3
416.3,299.2,12.7,20.5
416.3,303.3,14.8,19.8
416.3,307.3,16.9,19.1
416.3,311.4,19,18.4
416.3,315.5,21.1,17.8
416.3,319.6,22.5,17.5
416.3,323.7,25.3,16.6
416.3,327.8,26.7,16.3
416.3,331.8,28.8,15.7
416.3,335.9,30.9,15.2
416.3,340,33,14.7
422.9,140,0,12.3
422.9,144.1,0,12.7
422.9,148.2,0,13.1
422.9,152.2,0,13.5
422.9,156.3,0,13.9
422.9,160.4,0,14.4
422.9,164.5,0,14.8
422.9,168.6,0,15.2
422.9,172.7,0,15.6
422.9,176.7,0,16
422.9,180.8,0,16.4
422.9,184.9,0,16.8
422.9,189,0,17.3
422.9,193.1,0,17.7
422.9,197.1,0,18.1
422.9,201.2,0,18.5
422.9,205.3,0,18.9
422.9,209.4,0,19.3
422.9,213.5,0,19.8
422.9,217.6,0,20.2
422.9,221.6,0,20.6
422.9,225.7,0,21
422.9,229.8,0,21.4
422.9,233.9,0,21.8
422.9,238,0,22.3
422.9,242,0,22.7
422.9,246.1,0,23.1
422.9,250.2,0,23.5
422.9,254.3,0,23.9
422.9,258.4,0,24.3
422.9,262.4,0,24.8
422.9,266.5,0,25.2
422.9,270.6,0,25.6
422.9,274.7,0,26
422.9,278.8,2.1,24.9
422.9,282.9,4.2,23.9
422.9,286.9,6.3,23
422.9,291,8.4,22.1
422.9,295.1,10.5,21.3
422.9,299.2,12.7,20.5
422.9,303.3,14.8,19.8
422.9,307.3,16.9,19.1
422.9,311.4,19,18.4
422.9,315.5,21.1,17.8
422.9,319.6,23.2,17.2
422.9,323.7,25.3,16.6
422.9,327.8,27.4,16
422.9,331.8,29.5,15.5
422.9,335.9,30.9,15.2
422.9,340,33.8,14.4
429.4,140,0,12.3
429.4,144.1,0,12.7
429.4,148.2,0,13.1
429.4,152.2,0,13.5
429.4,156.3,0,13.9
429.4,160.4,0,14.4
429.4,164.5,0,14.8
429.4,168.6,0,15.2
429.4,172.7,0,15.6
429.4,176.7,0,16
429.4,180.8,0,16.4
429.4,184.9,0,16.8
429.4,189,0,17.3
429.4,193.1,0,17.7
429.4,197.1,0,18.1
429.4,201.2,0,18.5
429.4,205.3,0,18.9
429.4,209.4,0,19.3
429.4,213.5,0,19.8
429.4,217.6,0,20.2
429.4,221.6,0,20.6
429.4,225.7,0,21
429.4,229.8,0,21.4
429.4,233.9,0,21.8
429.4,238,0,22.3
429.4,242,0,22.7
429.4,246.1,0,23.1
429.4,250.2,0,23.5
429.4,254.3,0,23.9
429.4,258.4,0,24.3
429.4,262.4,0,24.8
429.4,266.5,0,25.2
429.4,270.6,0,25.6
429.4,274.7,0,26
429.4,278.8,2.1,24.9
429.4,282.9,4.2,23.9
429.4,286.9,7,22.6
429.4,291,9.1,21.7
429.4,295.1,11.2,20.9
429.4,299.2,13.4,20.2
429.4,303.3,15.5,19.5
429.4,307.3,17.6,18.8
429.4,311.4,19.7,18.1
429.4,315.5,21.8,17.5
429.4,319.6,23.9,16.9
429.4,323.7,25.3,16.6
429.4,327.8,28.1,15.7
429.4,331.8,29.5,15.5
429.4,335.9,31.6,14.9
429.4,340,33.8,14.4
435.9,140,0,12.3
435.9,144.1,0,12.7
435.9,148.2,0,13.1
435.9,152.2,0,13.5
435.9,156.3,0,13.9
435.9,160.4,0,14.4
435.9,164.5,0,14.8
435.9,168.6,0,15.2
435.9,172.7,0,15.6
435.9,176.7,0,16
435.9,180.8,0,16.4
435.9,184.9,0,16.8
435.9,189,0,17.3
435.9,193.1,0,17.7
435.9,197.1,0,18.1
435.9,201.2,0,18.5
435.9,205.3,0,18.9
435.9,209.4,0,19.3
435.9,213.5,0,19.8
435.9,217.6,0,20.2
435.9,221.6,0,20.6
435.9,225.7,0,21
435.9,229.8,0,21.4
435.9,233.9,0,21.8
435.9,238,0,22.3
435.9,242,0,22.7
435.9,246.1,0,23.1
435.9,250.2,0,23.5
435.9,254.3,0,23.9
435.9,258.4,0,24.3
435.9,262.4,0,24.8
435.9,266.5,0,25.2
435.9,270.6,0,25.6
435.9,274.7,0,26
435.9,278.8,2.8,24.5
435.9,282.9,4.9,23.5
435.9,286.9,7,22.6
435.9,291,9.1,21.7
435.9,295.1,11.2,20.9
435.9,299.2,14.1,19.8
435.9,303.3,15.5,19.5
435.9,307.3,18.3,18.5
435.9,311.4,19.7,18.1
435.9,315.5,21.8,17.5
435.9,319.6,23.9,16.9
435.9,323.7,26,16.3
435.9,327.8,28.1,15.7
435.9,331.8,30.2,15.2
435.9,335.9,32.3,14.7
435.9,340,34.5,14.2
442.4,140,0,12.3
442.4,144.1,0,12.7
442.4,148.2,0,13.1
442.4,152.2,0,13.5
442.4,156.3,0,13.9
442.4,160.4,0,14.4
442.4,164.5,0,14.8
442.4,168.6,0,15.2
442.4,172.7,0,15.6
442.4,176.7,0,16
442.4,180.8,0,16.4
442.4,184.9,0,16.8
442.4,189,0,17.3
442.4,193.1,0,17.7
442.4,197.1,0,18.1
442.4,201.2,0,18.5
442.4,205.3,0,18.9
442.4,209.4,0,19.3
442.4,213.5,0,19.8
442.4,217.6,0,20.2
442.4,221.6,0,20.6
442.4,225.7,0,21
442.4,229.8,0,21.4
442.4,233.9,0,21.8
442.4,238,0,22.3
442.4,242,0,22.7
442.4,246.1,0,23.1
442.4,250.2,0,23.5
442.4,254.3,0,23.9
442.4,258.4,0,24.3
442.4,262.4,0,24.8
442.4,266.5,0,25.2
442.4,270.6,0,25.6
442.4,274.7,0.7,25.5
442.4,278.8,2.8,24.5
442.4,282.9,4.9,23.5
442.4,286.9,7.7,22.2
442.4,291,9.8,21.4
442.4,295.1,12,20.6
442.4,299.2,14.1,19.8
442.4,303.3,16.2,19.1
442.4,307.3,18.3,18.5
442.4,311.4,20.4,17.8
442.4,315.5,22.5,17.2
442.4,319.6,24.6,16.6
442.4,323.7,26.7,16
442.4,327.8,28.8,15.5
442.4,331.8,30.9,15
442.4,335.9,32.3,14.7
442.4,340,35.2,13.9
449,140,0,12.3
449,144.1,0,12.7
449,148.2,0,13.1
449,152.2,0,13.5
449,156.3,0,13.9
449,160.4,0,14.4
449,164.5,0,14.8
449,168.6,0,15.2
449,172.7,0,15.6
449,176.7,0,16
449,180.8,0,16.4
449,184.9,0,16.8
449,189,0,17.3
449,193.1,0,17.7
449,197.1,0,18.1
449,201.2,0,18.5
449,205.3,0,18.9
449,209.4,0,19.3
449,213.5,0,19.8
449,217.6,0,20.2
449,221.6,0,20.6
449,225.7,0,21
449,229.8,0,21.4
449,233.9,0,21.8
449,238,0,22.3
449,242,0,22.7
449,246.1,0,23.1
449,250.2,0,23.5
449,254.3,0,23.9
449,258.4,0,24.3
449,262.4,0,24.8
449,266.5,0,25.2
449,270.6,0,25.6
449,274.7,0.7,25.5
449,278.8,2.8,24.5
449,282.9,5.6,23.1
449,286.9,7.7,22.2
449,291,9.8,21.4
449,295.1,12,20.6
449,299.2,14.1,19.8
449,303.3,16.9,18.8
449,307.3,18.3,18.5
449,311.4,21.1,17.5
449,315.5,22.5,17.2
449,319.6,25.3,16.3
449,323.7,26.7,16
449,327.8,29.5,15.2
449,331.8,30.9,15
449,335.9,33.8,14.2
449,340,35.2,13.9
455.5,140,0,12.3
455.5,144.1,0,12.7
455.5,148.2,0,13.1
455.5,152.2,0,13.5
455.5,156.3,0,13.9
455.5,160.4,0,14.4
455.5,164.5,0,14.8
455.5,168.6,0,15.2
455.5,172.7,0,15.6
455.5,176.7,0,16
455.5,180.8,0,16.4
455.5,184.9,0,16.8
455.5,189,0,17.3
455.5,193.1,0,17.7
455.5,197.1,0,18.1
455.5,201.2,0,18.5
455.5,205.3,0,18.9
455.5,209.4,0,19.3
455.5,213.5,0,19.8
455.5,217.6,0,20.2
455.5,221.6,0,20.6
455.5,225.7,0,21
455.5,229.8,0,21.4
455.5,233.9,0,21.8
455.5,238,0,22.3
455.5,242,0,22.7
455.5,246.1,0,23.1
455.5,250.2,0,23.5
455.5,254.3,0,23.9
455.5,258.4,0,24.3
455.5,262.4,0,24.8
455.5,266.5,0,25.2
455.5,270.6,0,25.6
455.5,274.7,1.4,25
455.5,278.8,3.5,24
455.5,282.9,5.6,23.1
455.5,286.9,8.4,21.8
455.5,291,10.5,21
455.5,295.1,12.7,20.2
455.5,299.2,14.8,19.5
455.5,303.3,16.9,18.8
455.5,307.3,19,18.1
455.5,311.4,21.1,17.5
455.5,315.5,23.2,16.9
455.5,319.6,25.3,16.3
455.5,323.7,27.4,15.8
455.5,327.8,29.5,15.2
455.5,331.8,31.6,14.7
455.5,335.9,33.8,14.2
455.5,340,35.9,13.7
462,140,0,12.3
462,144.1,0,12.7
462,148.2,0,13.1
462,152.2,0,13.5
462,156.3,0,13.9
462,160.4,0,14.4
462,164.5,0,14.8
462,168.6,0,15.2
462,172.7,0,15.6
462,176.7,0,16
462,180.8,0,16.4
462,184.9,0,16.8
462,189,0,17.3
462,193.1,0,17.7
462,197.1,0,18.1
462,201.2,0,18.5
462,205.3,0,18.9
462,209.4,0,19.3
462,213.5,0,19.8
462,217.6,0,20.2
462,221.6,0,20.6
462,225.7,0,21
462,229.8,0,21.4
462,233.9,0,21.8
462,238,0,22.3
462,242,0,22.7
462,246.1,0,23.1
462,250.2,0,23.5
462,254.3,0,23.9
462,258.4,0,24.3
462,262.4,0,24.8
462,266.5,0,25.2
462,270.6,0,25.6
462,274.7,1.4,25
462,278.8,3.5,24
462,282.9,6.3,22.6
462,286.9,8.4,21.8
462,291,10.5,21
462,295.1,12.7,20.2
462,299.2,15.5,19.1
462,303.3,17.6,18.5
462,307.3,19.7,17.8
462,311.4,21.8,17.2
462,315.5,23.9,16.6
462,319.6,26,16
462,323.7,28.1,15.5
462,327.8,29.5,15.2
462,331.8,32.3,14.4
462,335.9,33.8,14.2
462,340,36.6,13.5
468.6,140,0,12.3
468.6,144.1,0,12.7
468.6,148.2,0,13.1
468.6,152.2,0,13.5
468.6,156.3,0,13.9
468.6,160.4,0,14.4
468.6,164.5,0,14.8
468.6,168.6,0,15.2
468.6,172.7,0,15.6
468.6,176.7,0,16
468.6,180.8,0,16.4
468.6,184.9,0,16.8
468.6,189,0,17.3
468.6,193.1,0,17.7
468.6,197.1,0,18.1
468.6,201.2,0,18.5
468.6,205.3,0,18.9
468.6,209.4,0,19.3
468.6,213.5,0,19.8
468.6,217.6,0,20.2
468.6,221.6,0,20.6
468.6,225.7,0,21
468.6,229.8,0,21.4
468.6,233.9,0,21.8
468.6,238,0,22.3
468.6,242,0,22.7
468.6,246.1,0,23.1
468.6,250.2,0,23.5
468.6,254.3,0,23.9
468.6,258.4,0,24.3
468.6,262.4,0,24.8
468.6,266.5,0,25.2
468.6,270.6,0,25.6
468.6,274.7,1.4,25
468.6,278.8,4.2,23.6
468.6,282.9,6.3,22.6
468.6,286.9,8.4,21.8
468.6,291,11.2,20.6
468.6,295.1,13.4,19.9
468.6,299.2,15.5,19.1
468.6,303.3,17.6,18.5
468.6,307.3,19.7,17.8
468.6,311.4,21.8,17.2
468.6,315.5,23.9,16.6
468.6,319.6,26,16
468.6,323.7,28.1,15.5
468.6,327.8,30.9,14.7
468.6,331.8,32.3,14.4
468.6,335.9,35.2,13.7
468.6,340,36.6,13.5
475.1,140,0,12.3
475.1,144.1,0,12.7
475.1,148.2,0,13.1
475.1,152.2,0,13.5
475.1,156.3,0,13.9
475.1,160.4,0,14.4
475.1,164.5,0,14.8
475.1,168.6,0,15.2
475.1,172.7,0,15.6
475.1,176.7,0,16
475.1,180.8,0,16.4
475.1,184.9,0,16.8
475.1,189,0,17.3
475.1,193.1,0,17.7
475.1,197.1,0,18.1
475.1,201.2,0,18.5
475.1,205.3,0,18.9
475.1,209.4,0,19.3
475.1,213.5,0,19.8
475.1,217.6,0,20.2
475.1,221.6,0,20.6
475.1,225.7,0,21
475.1,229.8,0,21.4
475.1,233.9,0,21.8
475.1,238,0,22.3
475.1,242,0,22.7
475.1,246.1,0,23.1
475.1,250.2,0,23.5
475.1,254.3,0,23.9
475.1,258.4,0,24.3
475.1,262.4,0,24.8
475.1,266.5,0,25.2
475.1,270.6,0,25.6
475.1,274.7,2.1,24.5
475.1,278.8,4.2,23.6
475.1,282.9,7,22.2
475.1,286.9,9.1,21.4
475.1,291,11.2,20.6
475.1,295.1,14.1,19.5
475.1,299.2,16.2,18.8
475.1,303.3,18.3,18.2
475.1,307.3,20.4,17.5
475.1,311.4,22.5,16.9
475.1,315.5,24.6,16.3
475.1,319.6,26.7,15.8
475.1,323.7,28.8,15.2
475.1,327.8,30.9,14.7
475.1,331.8,33,14.2
475.1,335.9,35.2,13.7
475.1,340,37.3,13.2
481.6,140,0,12.3
481.6,144.1,0,12.7
481.6,148.2,0,13.1
481.6,152.2,0,13.5
481.6,156.3,0,13.9
481.6,160.4,0,14.4
481.6,164.5,0,14.8
481.6,168.6,0,15.2
481.6,172.7,0,15.6
481.6,176.7,0,16
481.6,180.8,0,16.4
481.6,184.9,0,16.8
481.6,189,0,17.3
481.6,193.1,0,17.7
481.6,197.1,0,18.1
481.6,201.2,0,18.5
481.6,205.3,0,18.9
481.6,209.4,0,19.3
481.6,213.5,0,19.8
481.6,217.6,0,20.2
481.6,221.6,0,20.6
481.6,225.7,0,21
481.6,229.8,0,21.4
481.6,233.9,0,21.8
481.6,238,0,22.3
481.6,242,0,22.7
481.6,246.1,0,23.1
481.6,250.2,0,23.5
481.6,254.3,0,23.9
481.6,258.4,0,24.3
481.6,262.4,0,24.8
481.6,266.5,0,25.2
481.6,270.6,0,25.6
481.6,274.7,2.1,24.5
481.6,278.8,4.9,23.1
481.6,282.9,7,22.2
481.6,286.9,9.8,21
481.6,291,12,20.2
481.6,295.1,14.1,19.5
481.6,299.2,16.2,18.8
481.6,303.3,18.3,18.2
481.6,307.3,20.4,17.5
481.6,311.4,22.5,16.9
481.6,315.5,25.3,16.1
481.6,319.6,26.7,15.8
481.6,323.7,29.5,15
481.6,327.8,30.9,14.7
481.6,331.8,33.8,14
481.6,335.9,35.9,13.5
481.6,340,38,13
488.2,140,0,12.3
488.2,144.1,0,12.7
488.2,148.2,0,13.1
488.2,152.2,0,13.5
488.2,156.3,0,13.9
488.2,160.4,0,14.4
488.2,164.5,0,14.8
488.2,168.6,0,15.2
488.2,172.7,0,15.6
488.2,176.7,0,16
488.2,180.8,0,16.4
488.2,184.9,0,16.8
488.2,189,0,17.3
488.2,193.1,0,17.7
488.2,197.1,0,18.1
488.2,201.2,0,18.5
488.2,205.3,0,18.9
488.2,209.4,0,19.3
488.2,213.5,0,19.8
488.2,217.6,0,20.2
488.2,221.6,0,20.6
488.2,225.7,0,21
488.2,229.8,0,21.4
488.2,233.9,0,21.8
488.2,238,0,22.3
488.2,242,0,22.7
488.2,246.1,0,23.1
488.2,250.2,0,23.5
488.2,254.3,0,23.9
488.2,258.4,0,24.3
488.2,262.4,0,24.8
488.2,266.5,0,25.2
488.2,270.6,0,25.6
488.2,274.7,2.8,24.1
488.2,278.8,4.9,23.1
488.2,282.9,7.7,21.8
488.2,286.9,9.8,21
488.2,291,12,20.2
488.2,295.1,14.1,19.5
488.2,299.2,16.9,18.5
488.2,303.3,19,17.8
488.2,307.3,21.1,17.2
488.2,311.4,23.2,16.6
488.2,315.5,25.3,16.1
488.2,319.6,27.4,15.5
488.2,323.7,29.5,15
488.2,327.8,32.3,14.2
488.2,331.8,33.8,14
488.2,335.9,36.6,13.2
488.2,340,38,13
494.7,140,0,12.3
494.7,144.1,0,12.7
494.7,148.2,0,13.1
494.7,152.2,0,13.5
494.7,156.3,0,13.9
494.7,160.4,0,14.4
494.7,164.5,0,14.8
494.7,168.6,0,15.2
494.7,172.7,0,15.6
494.7,176.7,0,16
494.7,180.8,0,16.4
494.7,184.9,0,16.8
494.7,189,0,17.3
494.7,193.1,0,17.7
494.7,197.1,0,18.1
494.7,201.2,0,18.5
494.7,205.3,0,18.9
494.7,209.4,0,19.3
494.7,213.5,0,19.8
494.7,217.6,0,20.2
494.7,221.6,0,20.6
494.7,225.7,0,21
494.7,229.8,0,21.4
494.7,233.9,0,21.8
494.7,238,0,22.3
494.7,242,0,22.7
494.7,246.1,0,23.1
494.7,250.2,0,23.5
494.7,254.3,0,23.9
494.7,258.4,0,24.3
494.7,262.4,0,24.8
494.7,266.5,0,25.2
494.7,270.6,0.7,25.1
494.7,274.7,2.8,24.1
494.7,278.8,5.6,22.7
494.7,282.9,7.7,21.8
494.7,286.9,9.8,21
494.7,291,12.7,19.9
494.7,295.1,14.8,19.2
494.7,299.2,16.9,18.5
494.7,303.3,19.7,17.5
494.7,307.3,21.1,17.2
494.7,311.4,23.9,16.3
494.7,315.5,26,15.8
494.7,319.6,28.1,15.2
494.7,323.7,30.2,14.7
494.7,327.8,32.3,14.2
494.7,331.8,34.5,13.7
494.7,335.9,36.6,13.2
494.7,340,39.4,12.5
501.2,140,0,12.3
501.2,144.1,0,12.7
501.2,148.2,0,13.1
501.2,152.2,0,13.5
501.2,156.3,0,13.9
501.2,160.4,0,14.4
501.2,164.5,0,14.8
501.2,168.6,0,15.2
501.2,172.7,0,15.6
501.2,176.7,0,16
501.2,180.8,0,16.4
501.2,184.9,0,16.8
501.2,189,0,17.3
501.2,193.1,0,17.7
501.2,197.1,0,18.1
501.2,201.2,0,18.5
501.2,205.3,0,18.9
501.2,209.4,0,19.3
501.2,213.5,0,19.8
501.2,217.6,0,20.2
501.2,221.6,0,20.6
501.2,225.7,0,21
501.2,229.8,0,21.4
501.2,233.9,0,21.8
501.2,238,0,22.3
501.2,242,0,22.7
501.2,246.1,0,23.1
501.2,250.2,0,23.5
501.2,254.3,0,23.9
501.2,258.4,0,24.3
501.2,262.4,0,24.8
501.2,266.5,0,25.2
501.2,270.6,0.7,25.1
501.2,274.7,3.5,23.6
501.2,278.8,5.6,22.7
501.2,282.9,8.4,21.4
501.2,286.9,10.5,20.6
501.2,291,12.7,19.9
501.2,295.1,15.5,18.8
501.2,299.2,17.6,18.2
501.2,303.3,19.7,17.5
501.2,307.3,21.8,16.9
501.2,311.4,23.9,16.3
501.2,315.5,26.7,15.5
501.2,319.6,28.1,15.2
501.2,323.7,30.9,14.5
501.2,327.8,32.3,14.2
501.2,331.8,35.2,13.5
501.2,335.9,37.3,13
501.2,340,39.4,12.5
507.8,140,0,12.3
507.8,144.1,0,12.7
507.8,148.2,0,13.1
507.8,152.2,0,13.5
507.8,156.3,0,13.9
507.8,160.4,0,14.4
507.8,164.5,0,14.8
507.8,168.6,0,15.2
507.8,172.7,0,15.6
507.8,176.7,0,16
507.8,180.8,0,16.4
507.8,184.9,0,16.8
507.8,189,0,17.3
507.8,193.1,0,17.7
507.8,197.1,0,18.1
507.8,201.2,0,18.5
507.8,205.3,0,18.9
507.8,209.4,0,19.3
507.8,213.5,0,19.8
507.8,217.6,0,20.2
507.8,221.6,0,20.6
507.8,225.7,0,21
507.8,229.8,0,21.4
507.8,233.9,0,21.8
507.8,238,0,22.3
507.8,242,0,22.7
507.8,246.1,0,23.1
507.8,250.2,0,23.5
507.8,254.3,0,23.9
507.8,258.4,0,24.3
507.8,262.4,0,24.8
507.8,266.5,0,25.2
507.8,270.6,1.4,24.6
507.8,274.7,3.5,23.6
507.8,278.8,6.3,22.3
507.8,282.9,8.4,21.4
507.8,286.9,11.2,20.3
507.8,291,13.4,19.5
507.8,295.1,15.5,18.8
507.8,299.2,17.6,18.2
507.8,303.3,19.7,17.5
507.8,307.3,22.5,16.6
507.8,311.4,24.6,16.1
507.8,315.5,26.7,15.5
507.8,319.6,28.8,15
507.8,323.7,30.9,14.5
507.8,327.8,33.8,13.7
507.8,331.8,35.2,13.5
507.8,335.9,38,12.8
507.8,340,40.1,12.3
514.3,140,0,12.3
514.3,144.1,0,12.7
514.3,148.2,0,13.1
514.3,152.2,0,13.5
514.3,156.3,0,13.9
514.3,160.4,0,14.4
514.3,164.5,0,14.8
514.3,168.6,0,15.2
514.3,172.7,0,15.6
514.3,176.7,0,16
514.3,180.8,0,16.4
514.3,184.9,0,16.8
514.3,189,0,17.3
514.3,193.1,0,17.7
514.3,197.1,0,18.1
514.3,201.2,0,18.5
514.3,205.3,0,18.9
514.3,209.4,0,19.3
514.3,213.5,0,19.8
514.3,217.6,0,20.2
514.3,221.6,0,20.6
514.3,225.7,0,21
514.3,229.8,0,21.4
514.3,233.9,0,21.8
514.3,238,0,22.3
514.3,242,0,22.7
514.3,246.1,0,23.1
514.3,250.2,0,23.5
514.3,254.3,0,23.9
514.3,258.4,0,24.3
514.3,262.4,0,24.8
514.3,266.5,0,25.2
514.3,270.6,1.4,24.6
514.3,274.7,4.2,23.2
514.3,278.8,6.3,22.3
514.3,282.9,9.1,21.1
514.3,286.9,11.2,20.3
514.3,291,14.1,19.2
514.3,295.1,16.2,18.5
514.3,299.2,18.3,17.9
514.3,303.3,20.4,17.2
514.3,307.3,22.5,16.6
514.3,311.4,25.3,15.8
514.3,315.5,26.7,15.5
514.3,319.6,29.5,14.7
514.3,323.7,31.6,14.2
514.3,327.8,33.8,13.7
514.3,331.8,36.6,13
514.3,335.9,38,12.8
514.3,340,40.8,12.1
520.8,140,0,12.3
520.8,144.1,0,12.7
520.8,148.2,0,13.1
520.8,152.2,0,13.5
520.8,156.3,0,13.9
520.8,160.4,0,14.4
520.8,164.5,0,14.8
520.8,168.6,0,15.2
520.8,172.7,0,15.6
520.8,176.7,0,16
520.8,180.8,0,16.4
520.8,184.9,0,16.8
520.8,189,0,17.3
520.8,193.1,0,17.7
520.8,197.1,0,18.1
520.8,201.2,0,18.5
520.8,205.3,0,18.9
520.8,209.4,0,19.3
520.8,213.5,0,19.8
520.8,217.6,0,20.2
520.8,221.6,0,20.6
520.8,225.7,0,21
520.8,229.8,0,21.4
520.8,233.9,0,21.8
520.8,238,0,22.3
520.8,242,0,22.7
520.8,246.1,0,23.1
520.8,250.2,0,23.5
520.8,254.3,0,23.9
520.8,258.4,0,24.3
520.8,262.4,0,24.8
520.8,266.5,0,25.2
520.8,270.6,2.1,24.1
520.8,274.7,4.2,23.2
520.8,278.8,7,21.9
520.8,282.9,9.1,21.1
520.8,286.9,12,19.9
520.8,291,14.1,19.2
520.8,295.1,16.2,18.5
520.8,299.2,18.3,17.9
520.8,303.3,21.1,16.9
520.8,307.3,23.2,16.4
520.8,311.4,25.3,15.8
520.8,315.5,27.4,15.2
520.8,319.6,29.5,14.7
520.8,323.7,32.3,14
520.8,327.8,34.5,13.5
520.8,331.8,36.6,13
520.8,335.9,39.4,12.3
520.8,340,40.8,12.1
527.3,140,0,12.3
527.3,144.1,0,12.7
527.3,148.2,0,13.1
527.3,152.2,0,13.5
527.3,156.3,0,13.9
527.3,160.4,0,14.4
527.3,164.5,0,14.8
527.3,168.6,0,15.2
527.3,172.7,0,15.6
527.3,176.7,0,16
527.3,180.8,0,16.4
527.3,184.9,0,16.8
527.3,189,0,17.3
527.3,193.1,0,17.7
527.3,197.1,0,18.1
527.3,201.2,0,18.5
527.3,205.3,0,18.9
527.3,209.4,0,19.3
527.3,213.5,0,19.8
527.3,217.6,0,20.2
527.3,221.6,0,20.6
527.3,225.7,0,21
527.3,229.8,0,21.4
527.3,233.9,0,21.8
527.3,238,0,22.3
527.3,242,0,22.7
527.3,246.1,0,23.1
527.3,250.2,0,23.5
527.3,254.3,0,23.9
527.3,258.4,0,24.3
527.3,262.4,0,24.8
527.3,266.5,0,25.2
527.3,270.6,2.1,24.1
527.3,274.7,4.9,22.7
527.3,278.8,7,21.9
527.3,282.9,9.8,20.7
527.3,286.9,12,19.9
527.3,291,14.1,19.2
527.3,295.1,16.9,18.2
527.3,299.2,19,17.6
527.3,303.3,21.1,16.9
527.3,307.3,23.9,16.1
527.3,311.4,26,15.5
527.3,315.5,28.1,15
527.3,319.6,30.2,14.5
527.3,323.7,32.3,14
527.3,327.8,35.2,13.2
527.3,331.8,37.3,12.8
527.3,335.9,39.4,12.3
527.3,340,42.2,11.7
533.9,140,0,12.3
533.9,144.1,0,12.7
533.9,148.2,0,13.1
533.9,152.2,0,13.5
533.9,156.3,0,13.9
533.9,160.4,0,14.4
533.9,164.5,0,14.8
533.9,168.6,0,15.2
533.9,172.7,0,15.6
533.9,176.7,0,16
533.9,180.8,0,16.4
533.9,184.9,0,16.8
533.9,189,0,17.3
533.9,193.1,0,17.7
533.9,197.1,0,18.1
533.9,201.2,0,18.5
533.9,205.3,0,18.9
533.9,209.4,0,19.3
533.9,213.5,0,19.8
533.9,217.6,0,20.2
533.9,221.6,0,20.6
533.9,225.7,0,21
533.9,229.8,0,21.4
533.9,233.9,0,21.8
533.9,238,0,22.3
533.9,242,0,22.7
533.9,246.1,0,23.1
533.9,250.2,0,23.5
533.9,254.3,0,23.9
533.9,258.4,0,24.3
533.9,262.4,0,24.8
533.9,266.5,0,25.2
533.9,270.6,2.8,23.7
533.9,274.7,4.9,22.7
533.9,278.8,7.7,21.5
533.9,282.9,9.8,20.7
533.9,286.9,12.7,19.6
533.9,291,14.8,18.9
533.9,295.1,16.9,18.2
533.9,299.2,19.7,17.2
533.9,303.3,21.8,16.6
533.9,307.3,23.9,16.1
533.9,311.4,26.7,15.2
533.9,315.5,28.1,15
533.9,319.6,30.9,14.2
533.9,323.7,33,13.7
533.9,327.8,35.2,13.2
533.9,331.8,38,12.5
533.9,335.9,40.1,12.1
533.9,340,42.2,11.7
540.4,140,0,12.3
540.4,144.1,0,12.7
540.4,148.2,0,13.1
540.4,152.2,0,13.5
540.4,156.3,0,13.9
540.4,160.4,0,14.4
540.4,164.5,0,14.8
540.4,168.6,0,15.2
540.4,172.7,0,15.6
540.4,176.7,0,16
540.4,180.8,0,16.4
540.4,184.9,0,16.8
540.4,189,0,17.3
540.4,193.1,0,17.7
540.4,197.1,0,18.1
540.4,201.2,0,18.5
540.4,205.3,0,18.9
540.4,209.4,0,19.3
540.4,213.5,0,19.8
540.4,217.6,0,20.2
540.4,221.6,0,20.6
540.4,225.7,0,21
540.4,229.8,0,21.4
540.4,233.9,0,21.8
540.4,238,0,22.3
540.4,242,0,22.7
540.4,246.1,0,23.1
540.4,250.2,0,23.5
540.4,254.3,0,23.9
540.4,258.4,0,24.3
540.4,262.4,0,24.8
540.4,266.5,0,25.2
540.4,270.6,2.8,23.7
540.4,274.7,5.6,22.3
540.4,278.8,7.7,21.5
540.4,282.9,10.5,20.3
540.4,286.9,12.7,19.6
540.4,291,15.5,18.5
540.4,295.1,17.6,17.9
540.4,299.2,19.7,17.2
540.4,303.3,22.5,16.4
540.4,307.3,24.6,15.8
540.4,311.4,26.7,15.2
540.4,315.5,29.5,14.5
540.4,319.6,30.9,14.2
540.4,323.7,33.8,13.5
540.4,327.8,35.9,13
540.4,331.8,38,12.5
540.4,335.9,40.8,11.9
540.4,340,43.6,11.2
546.9,140,0,12.3
546.9,144.1,0,12.7
546.9,148.2,0,13.1
546.9,152.2,0,13.5
546.9,156.3,0,13.9
546.9,160.4,0,14.4
546.9,164.5,0,14.8
546.9,168.6,0,15.2
546.9,172.7,0,15.6
546.9,176.7,0,16
546.9,180.8,0,16.4
546.9,184.9,0,16.8
546.9,189,0,17.3
546.9,193.1,0,17.7
546.9,197.1,0,18.1
546.9,201.2,0,18.5
546.9,205.3,0,18.9
546.9,209.4,0,19.3
546.9,213.5,0,19.8
546.9,217.6,0,20.2
546.9,221.6,0,20.6
546.9,225.7,0,21
546.9,229.8,0,21.4
546.9,233.9,0,21.8
546.9,238,0,22.3
546.9,242,0,22.7
546.9,246.1,0,23.1
546.9,250.2,0,23.5
546.9,254.3,0,23.9
546.9,258.4,0,24.3
546.9,262.4,0,24.8
546.9,266.5,0.7,24.7
546.9,270.6,3.5,23.2
546.9,274.7,5.6,22.3
546.9,278.8,8.4,21.1
546.9,282.9,10.5,20.3
546.9,286.9,13.4,19.2
546.9,291,15.5,18.5
546.9,295.1,18.3,17.6
546.9,299.2,20.4,16.9
546.9,303.3,22.5,16.4
546.9,307.3,25.3,15.5
546.9,311.4,26.7,15.2
546.9,315.5,29.5,14.5
546.9,319.6,31.6,14
546.9,323.7,33.8,13.5
546.9,327.8,36.6,12.8
546.9,331.8,39.4,12.1
546.9,335.9,40.8,11.9
546.9,340,43.6,11.2
553.5,140,0,12.3
553.5,144.1,0,12.7
553.5,148.2,0,13.1
553.5,152.2,0,13.5
553.5,156.3,0,13.9
553.5,160.4,0,14.4
553.5,164.5,0,14.8
553.5,168.6,0,15.2
553.5,172.7,0,15.6
553.5,176.7,0,16
553.5,180.8,0,16.4
553.5,184.9,0,16.8
553.5,189,0,17.3
553.5,193.1,0,17.7
553.5,197.1,0,18.1
553.5,201.2,0,18.5
553.5,205.3,0,18.9
553.5,209.4,0,19.3
553.5,213.5,0,19.8
553.5,217.6,0,20.2
553.5,221.6,0,20.6
553.5,225.7,0,21
553.5,229.8,0,21.4
553.5,233.9,0,21.8
553.5,238,0,22.3
553.5,242,0,22.7
553.5,246.1,0,23.1
553.5,250.2,0,23.5
553.5,254.3,0,23.9
553.5,258.4,0,24.3
553.5,262.4,0,24.8
553.5,266.5,0.7,24.7
553.5,270.6,3.5,23.2
553.5,274.7,6.3,21.9
553.5,278.8,8.4,21.1
553.5,282.9,11.2,19.9
553.5,286.9,13.4,19.2
553.5,291,16.2,18.2
553.5,295.1,18.3,17.6
553.5,299.2,21.1,16.7
553.5,303.3,23.2,16.1
553.5,307.3,25.3,15.5
553.5,311.4,28.1,14.7
553.5,315.5,29.5,14.5
553.5,319.6,32.3,13.7
553.5,323.7,35.2,13
553.5,327.8,36.6,12.8
553.5,331.8,39.4,12.1
553.5,335.9,42.2,11.5
553.5,340,44.3,11
560,140,0,12.3
560,144.1,0,12.7
560,148.2,0,13.1
560,152.2,0,13.5
560,156.3,0,13.9
560,160.4,0,14.4
560,164.5,0,14.8
560,168.6,0,15.2
560,172.7,0,15.6
560,176.7,0,16
560,180.8,0,16.4
560,184.9,0,16.8
560,189,0,17.3
560,193.1,0,17.7
560,197.1,0,18.1
560,201.2,0,18.5
560,205.3,0,18.9
560,209.4,0,19.3
560,213.5,0,19.8
560,217.6,0,20.2
560,221.6,0,20.6
560,225.7,0,21
560,229.8,0,21.4
560,233.9,0,21.8
560,238,0,22.3
560,242,0,22.7
560,246.1,0,23.1
560,250.2,0,23.5
560,254.3,0,23.9
560,258.4,0,24.3
560,262.4,0,24.8
560,266.5,1.4,24.2
560,270.6,4.2,22.8
560,274.7,6.3,21.9
560,278.8,9.1,20.7
560,282.9,11.2,19.9
560,286.9,14.1,18.9
560,291,16.2,18.2
560,295.1,19,17.3
560,299.2,21.1,16.7
560,303.3,23.9,15.8
560,307.3,25.3,15.5
560,311.4,28.1,14.7
560,315.5,30.9,14
560,319.6,32.3,13.7
560,323.7,35.2,13
560,327.8,38,12.3
560,331.8,39.4,12.1
560,335.9,42.2,11.5
560,340,45,10.8
